mot,trad,tag
sur le coup,въ тотъ моментъ,coups
en contrepartie,взамѣнъ,divers
", nuance",уточнимъ (ирон.),paroles
courageusement,,adverbes
me / le / la traiter d'égoïste,называть эгоистомъ,actions
être bien placé pour faire qqch.,быть вправѣ,actions
Personne n'en a rien à faire de ces conneries.,Nobody gives a shit about this bullshit.,phrases
Il faudra que je fasse avec.,I'll have to deal with it.,actions
"Pour nous, ce n'était pas rien.","For us, it was no small matter.",phrases
en chœur,хоромъ,figé
"Mais tu ne laisses rien passer, toi, pas vrai ?",,phrases
ne pas savoir mettre les formes,смягчать углы,mises
Tu parles !,Ну конечно.,paroles
à la dure,the hard way,figé
se remettre en question,,mises
faire de la peine,hurt one's feelings,actions
vivre des épreuves,пережить испытанія,effets
ces derniers temps,въ послѣднее время,temps
L'inverse n'est pas moins vrai.,,phrases
J'ai besoin de faire le point.,I need to take stock of the situation.,phrases
Pourtant.,И всё же.,paroles
"Je te signale que moi, je...","Заметь, что я...",paroles
en courant,на бѣгу / бѣгомъ,figé
pour te changer les idées,чтобы отвлечься,actions
avoir hâte de faire qqch.,can't wait to,actions
Il nous tarde déjà !,Мы уже с нетерпением ждем!,actions
Tout court.,И всё.,paroles
être bien décidée à s'en occuper,твердо рѣшить этимъ заняться,actions
d'autant plus que,тѣмъ болѣе что,rapport
Je verrais bien qqn. faire qqch.,"Легко могу себѣ представать, какъ...",actions
Il n'y a que nous.,"Никого нѣтъ, кромѣ насъ.",phrases
terminer au plus vite,закончить поскорѣе,figé
sur la pointe des pieds,на цыпочкахъ,figé
Vous n'avez plus de faire qqch.,Вамъ больше не нужно...,actions
à quel point j'y tiens,насколько мнѣ это дорого,quantités
tenir compte de qqch.,принять во вниманіе,considérations
follement,безумно,adverbes
Quoi que je fasse,no matter what I do,concession
Quel que soit qqch.,Что бы то ни было,concession
se borner à qqch.,ограничиться чѣмъ-нибудь,actions
infiniment,безконечно,adverbes
Où en étions-nous ?,На чемъ мы остановились?,paroles
C'est à peu près équivalent.,roughly,quantités
en d’autres termes,,paroles
un peu partout,почти вездѣ,déplacements
être confronté à qqch. | faire face à,столкнуться,actions
en un an,за годъ,temps
à quel point,до какой степени,quantités
par passion,ради интереса,par
à long terme,long term,temps
en cas de besoin,въ случаѣ необходимости,figé
de vive voix <-> par écrit,,figé
par écrit,,par